id,target
nxpucs3000,0
nxpucs3001,0
nxpucs3002,1
nxpucs3003,0
nxpucs3004,1
nxpucs3005,1
nxpucs3006,1
nxpucs3007,1
nxpucs3008,0
nxpucs3009,1
nxpucs3010,0
nxpucs3011,0
nxpucs3012,0
nxpucs3013,1
nxpucs3014,0
nxpucs3015,1
nxpucs3016,0
nxpucs3017,1
nxpucs3018,1
nxpucs3019,0
nxpucs3020,1
nxpucs3021,0
nxpucs3022,0
nxpucs3023,1
nxpucs3024,1
nxpucs3025,0
nxpucs3026,1
nxpucs3027,1
nxpucs3028,1
nxpucs3029,0
nxpucs3030,0
nxpucs3031,0
nxpucs3032,0
nxpucs3033,1
nxpucs3034,0
nxpucs3035,1
nxpucs3036,1
nxpucs3037,1
nxpucs3038,1
nxpucs3039,1
nxpucs3040,1
nxpucs3041,0
nxpucs3042,0
nxpucs3043,1
nxpucs3044,1
nxpucs3045,1
nxpucs3046,1
nxpucs3047,0
nxpucs3048,1
nxpucs3049,1
nxpucs3050,1
nxpucs3051,0
nxpucs3052,1
nxpucs3053,0
nxpucs3054,1
nxpucs3055,0
nxpucs3056,0
nxpucs3057,0
nxpucs3058,0
nxpucs3059,1
nxpucs3060,1
nxpucs3061,1
nxpucs3062,1
nxpucs3063,1
nxpucs3064,0
nxpucs3065,0
nxpucs3066,0
nxpucs3067,1
nxpucs3068,1
nxpucs3069,0
nxpucs3070,1
nxpucs3071,1
nxpucs3072,1
nxpucs3073,1
nxpucs3074,0
nxpucs3075,0
nxpucs3076,1
nxpucs3077,1
nxpucs3078,0
nxpucs3079,0
nxpucs3080,0
nxpucs3081,1
nxpucs3082,0
nxpucs3083,1
nxpucs3084,0
nxpucs3085,0
nxpucs3086,1
nxpucs3087,1
nxpucs3088,1
nxpucs3089,1
nxpucs3090,0
nxpucs3091,1
nxpucs3092,0
nxpucs3093,1
nxpucs3094,1
nxpucs3095,0
nxpucs3096,0
nxpucs3097,0
nxpucs3098,0
nxpucs3099,1
nxpucs3100,1
nxpucs3101,0
nxpucs3102,1
nxpucs3103,0
nxpucs3104,1
nxpucs3105,0
nxpucs3106,0
nxpucs3107,1
nxpucs3108,1
nxpucs3109,1
nxpucs3110,1
nxpucs3111,0
nxpucs3112,0
nxpucs3113,1
nxpucs3114,1
nxpucs3115,0
nxpucs3116,1
nxpucs3117,0
nxpucs3118,1
nxpucs3119,0
nxpucs3120,0
nxpucs3121,0
nxpucs3122,1
nxpucs3123,0
nxpucs3124,1
nxpucs3125,1
nxpucs3126,0
nxpucs3127,1
nxpucs3128,0
nxpucs3129,0
nxpucs3130,1
nxpucs3131,1
nxpucs3132,0
nxpucs3133,0
nxpucs3134,1
nxpucs3135,0
nxpucs3136,0
nxpucs3137,1
nxpucs3138,1
nxpucs3139,1
nxpucs3140,1
nxpucs3141,1
nxpucs3142,1
nxpucs3143,1
nxpucs3144,0
nxpucs3145,1
nxpucs3146,0
nxpucs3147,0
nxpucs3148,0
nxpucs3149,1
nxpucs3150,0
nxpucs3151,0
nxpucs3152,1
nxpucs3153,0
nxpucs3154,0
nxpucs3155,1
nxpucs3156,1
nxpucs3157,1
nxpucs3158,1
nxpucs3159,0
nxpucs3160,0
nxpucs3161,1
nxpucs3162,0
nxpucs3163,1
nxpucs3164,0
nxpucs3165,0
nxpucs3166,1
nxpucs3167,0
nxpucs3168,0
nxpucs3169,0
nxpucs3170,0
nxpucs3171,0
nxpucs3172,0
nxpucs3173,1
nxpucs3174,0
nxpucs3175,1
nxpucs3176,1
nxpucs3177,1
nxpucs3178,0
nxpucs3179,1
nxpucs3180,1
nxpucs3181,0
nxpucs3182,0
nxpucs3183,0
nxpucs3184,0
nxpucs3185,0
nxpucs3186,1
nxpucs3187,1
nxpucs3188,0
nxpucs3189,1
nxpucs3190,1
nxpucs3191,0
nxpucs3192,0
nxpucs3193,1
nxpucs3194,1
nxpucs3195,0
nxpucs3196,0
nxpucs3197,0
nxpucs3198,0
nxpucs3199,0
nxpucs3200,0
nxpucs3201,1
nxpucs3202,1
nxpucs3203,0
nxpucs3204,0
nxpucs3205,1
nxpucs3206,1
nxpucs3207,1
nxpucs3208,1
nxpucs3209,0
nxpucs3210,0
nxpucs3211,1
nxpucs3212,0
nxpucs3213,0
nxpucs3214,1
nxpucs3215,1
nxpucs3216,1
nxpucs3217,0
nxpucs3218,0
nxpucs3219,0
nxpucs3220,0
nxpucs3221,0
nxpucs3222,1
nxpucs3223,1
nxpucs3224,0
nxpucs3225,0
nxpucs3226,1
nxpucs3227,1
nxpucs3228,0
nxpucs3229,0
nxpucs3230,1
nxpucs3231,1
nxpucs3232,0
nxpucs3233,1
nxpucs3234,1
nxpucs3235,0
nxpucs3236,1
nxpucs3237,1
nxpucs3238,0
nxpucs3239,1
nxpucs3240,1
nxpucs3241,1
nxpucs3242,1
nxpucs3243,1
nxpucs3244,1
nxpucs3245,1
nxpucs3246,1
nxpucs3247,1
nxpucs3248,0
nxpucs3249,1
nxpucs3250,0
nxpucs3251,0
nxpucs3252,1
nxpucs3253,0
nxpucs3254,1
nxpucs3255,1
nxpucs3256,1
nxpucs3257,0
nxpucs3258,0
nxpucs3259,0
nxpucs3260,1
nxpucs3261,0
nxpucs3262,1
nxpucs3263,0
nxpucs3264,1
nxpucs3265,1
nxpucs3266,0
nxpucs3267,1
nxpucs3268,0
nxpucs3269,0
nxpucs3270,1
nxpucs3271,1
nxpucs3272,1
nxpucs3273,0
nxpucs3274,1
nxpucs3275,0
nxpucs3276,1
nxpucs3277,0
nxpucs3278,0
nxpucs3279,1
nxpucs3280,0
nxpucs3281,0
nxpucs3282,1
nxpucs3283,1
nxpucs3284,1
nxpucs3285,1
nxpucs3286,1
nxpucs3287,1
nxpucs3288,1
nxpucs3289,1
nxpucs3290,0
nxpucs3291,0
nxpucs3292,1
nxpucs3293,1
nxpucs3294,0
nxpucs3295,0
nxpucs3296,0
nxpucs3297,1
nxpucs3298,1
nxpucs3299,1
nxpucs3300,0
nxpucs3301,0
nxpucs3302,1
nxpucs3303,1
nxpucs3304,0
nxpucs3305,1
nxpucs3306,0
nxpucs3307,1
nxpucs3308,1
nxpucs3309,0
nxpucs3310,0
nxpucs3311,1
nxpucs3312,1
nxpucs3313,0
nxpucs3314,0
nxpucs3315,0
nxpucs3316,1
nxpucs3317,0
nxpucs3318,0
nxpucs3319,1
nxpucs3320,1
nxpucs3321,1
nxpucs3322,1
nxpucs3323,0
nxpucs3324,0
nxpucs3325,1
nxpucs3326,1
nxpucs3327,0
nxpucs3328,1
nxpucs3329,1
nxpucs3330,1
nxpucs3331,1
nxpucs3332,1
nxpucs3333,0
nxpucs3334,0
nxpucs3335,0
nxpucs3336,0
nxpucs3337,0
nxpucs3338,0
nxpucs3339,0
nxpucs3340,1
nxpucs3341,0
nxpucs3342,0
nxpucs3343,1
nxpucs3344,0
nxpucs3345,1
nxpucs3346,1
nxpucs3347,1
nxpucs3348,1
nxpucs3349,0
nxpucs3350,1
nxpucs3351,0
nxpucs3352,1
nxpucs3353,1
nxpucs3354,1
nxpucs3355,1
nxpucs3356,1
nxpucs3357,0
nxpucs3358,0
nxpucs3359,1
nxpucs3360,0
nxpucs3361,0
nxpucs3362,1
nxpucs3363,0
nxpucs3364,0
nxpucs3365,1
nxpucs3366,1
nxpucs3367,1
nxpucs3368,1
nxpucs3369,0
nxpucs3370,1
nxpucs3371,0
nxpucs3372,1
nxpucs3373,1
nxpucs3374,0
nxpucs3375,1
nxpucs3376,1
nxpucs3377,0
nxpucs3378,0
nxpucs3379,0
nxpucs3380,0
nxpucs3381,1
nxpucs3382,1
nxpucs3383,1
nxpucs3384,0
nxpucs3385,0
nxpucs3386,0
nxpucs3387,0
nxpucs3388,0
nxpucs3389,1
nxpucs3390,1
nxpucs3391,1
nxpucs3392,0
nxpucs3393,1
nxpucs3394,0
nxpucs3395,0
nxpucs3396,0
nxpucs3397,0
nxpucs3398,1
nxpucs3399,1
nxpucs3400,0
nxpucs3401,0
nxpucs3402,0
nxpucs3403,1
nxpucs3404,0
nxpucs3405,1
nxpucs3406,0
nxpucs3407,0
nxpucs3408,0
nxpucs3409,0
nxpucs3410,0
nxpucs3411,0
nxpucs3412,0
nxpucs3413,0
nxpucs3414,1
nxpucs3415,0
nxpucs3416,0
nxpucs3417,1
nxpucs3418,0
nxpucs3419,0
nxpucs3420,0
nxpucs3421,1
nxpucs3422,0
nxpucs3423,1
nxpucs3424,0
nxpucs3425,0
nxpucs3426,0
nxpucs3427,1
nxpucs3428,0
nxpucs3429,0
nxpucs3430,0
nxpucs3431,1
nxpucs3432,1
nxpucs3433,1
nxpucs3434,0
nxpucs3435,1
nxpucs3436,0
nxpucs3437,1
nxpucs3438,1
nxpucs3439,0
nxpucs3440,1
nxpucs3441,0
nxpucs3442,0
nxpucs3443,0
nxpucs3444,1
nxpucs3445,1
nxpucs3446,0
nxpucs3447,0
nxpucs3448,0
nxpucs3449,1
nxpucs3450,1
nxpucs3451,1
nxpucs3452,1
nxpucs3453,1
nxpucs3454,0
nxpucs3455,1
nxpucs3456,0
nxpucs3457,0
nxpucs3458,0
nxpucs3459,1
nxpucs3460,1
nxpucs3461,0
nxpucs3462,1
nxpucs3463,1
nxpucs3464,0
nxpucs3465,0
nxpucs3466,1
nxpucs3467,1
nxpucs3468,1
nxpucs3469,1
nxpucs3470,0
nxpucs3471,0
nxpucs3472,0
nxpucs3473,1
nxpucs3474,1
nxpucs3475,0
nxpucs3476,1
nxpucs3477,1
nxpucs3478,0
nxpucs3479,1
nxpucs3480,1
nxpucs3481,0
nxpucs3482,1
nxpucs3483,1
nxpucs3484,1
nxpucs3485,0
nxpucs3486,0
nxpucs3487,1
nxpucs3488,1
nxpucs3489,0
nxpucs3490,1
nxpucs3491,1
nxpucs3492,0
nxpucs3493,1
nxpucs3494,0
nxpucs3495,1
nxpucs3496,1
nxpucs3497,1
nxpucs3498,1
nxpucs3499,1
nxpucs3500,0
nxpucs3501,0
nxpucs3502,1
nxpucs3503,1
nxpucs3504,0
nxpucs3505,1
nxpucs3506,0
nxpucs3507,0
nxpucs3508,0
nxpucs3509,1
nxpucs3510,1
nxpucs3511,0
nxpucs3512,1
nxpucs3513,1
nxpucs3514,1
nxpucs3515,0
nxpucs3516,1
nxpucs3517,0
nxpucs3518,1
nxpucs3519,1
nxpucs3520,1
nxpucs3521,0
nxpucs3522,1
nxpucs3523,1
nxpucs3524,1
nxpucs3525,1
nxpucs3526,1
nxpucs3527,1
nxpucs3528,0
nxpucs3529,1
nxpucs3530,1
nxpucs3531,0
nxpucs3532,0
nxpucs3533,0
nxpucs3534,0
nxpucs3535,1
nxpucs3536,0
nxpucs3537,1
nxpucs3538,1
nxpucs3539,0
nxpucs3540,0
nxpucs3541,0
nxpucs3542,1
nxpucs3543,1
nxpucs3544,0
nxpucs3545,1
nxpucs3546,0
nxpucs3547,0
nxpucs3548,0
nxpucs3549,1
nxpucs3550,0
nxpucs3551,0
nxpucs3552,1
nxpucs3553,0
nxpucs3554,1
nxpucs3555,0
nxpucs3556,0
nxpucs3557,1
nxpucs3558,1
nxpucs3559,0
nxpucs3560,1
nxpucs3561,0
nxpucs3562,1
nxpucs3563,0
nxpucs3564,0
nxpucs3565,0
nxpucs3566,0
nxpucs3567,1
nxpucs3568,1
nxpucs3569,0
nxpucs3570,1
nxpucs3571,1
nxpucs3572,1
nxpucs3573,1
nxpucs3574,1
nxpucs3575,0
nxpucs3576,1
nxpucs3577,1
nxpucs3578,0
nxpucs3579,1
nxpucs3580,0
nxpucs3581,0
nxpucs3582,1
nxpucs3583,1
nxpucs3584,0
nxpucs3585,1
nxpucs3586,0
nxpucs3587,0
nxpucs3588,0
nxpucs3589,0
nxpucs3590,0
nxpucs3591,0
nxpucs3592,1
nxpucs3593,1
nxpucs3594,0
nxpucs3595,0
nxpucs3596,1
nxpucs3597,1
nxpucs3598,0
nxpucs3599,1
nxpucs3600,1
nxpucs3601,0
nxpucs3602,1
nxpucs3603,0
nxpucs3604,0
nxpucs3605,0
nxpucs3606,1
nxpucs3607,0
nxpucs3608,1
nxpucs3609,1
nxpucs3610,1
nxpucs3611,0
nxpucs3612,0
nxpucs3613,1
nxpucs3614,0
nxpucs3615,0
nxpucs3616,1
nxpucs3617,1
nxpucs3618,0
nxpucs3619,1
nxpucs3620,0
nxpucs3621,0
nxpucs3622,0
nxpucs3623,0
nxpucs3624,1
nxpucs3625,1
nxpucs3626,0
nxpucs3627,1
nxpucs3628,1
nxpucs3629,0
nxpucs3630,1
nxpucs3631,1
nxpucs3632,0
nxpucs3633,0
nxpucs3634,1
nxpucs3635,1
nxpucs3636,0
nxpucs3637,0
nxpucs3638,0
nxpucs3639,0
nxpucs3640,1
nxpucs3641,1
nxpucs3642,1
nxpucs3643,1
nxpucs3644,1
nxpucs3645,1
nxpucs3646,0
nxpucs3647,1
nxpucs3648,0
nxpucs3649,0
nxpucs3650,0
nxpucs3651,0
nxpucs3652,0
nxpucs3653,0
nxpucs3654,0
nxpucs3655,1
nxpucs3656,1
nxpucs3657,1
nxpucs3658,0
nxpucs3659,1
nxpucs3660,0
nxpucs3661,0
nxpucs3662,0
nxpucs3663,1
nxpucs3664,1
nxpucs3665,1
nxpucs3666,0
nxpucs3667,0
nxpucs3668,1
nxpucs3669,0
nxpucs3670,1
nxpucs3671,1
nxpucs3672,1
nxpucs3673,0
nxpucs3674,1
nxpucs3675,0
nxpucs3676,0
nxpucs3677,1
nxpucs3678,1
nxpucs3679,1
nxpucs3680,1
nxpucs3681,1
nxpucs3682,1
nxpucs3683,0
nxpucs3684,1
nxpucs3685,0
nxpucs3686,1
nxpucs3687,1
nxpucs3688,0
nxpucs3689,0
nxpucs3690,0
nxpucs3691,1
nxpucs3692,1
nxpucs3693,1
nxpucs3694,0
nxpucs3695,1
nxpucs3696,0
nxpucs3697,1
nxpucs3698,0
nxpucs3699,1
nxpucs3700,0
nxpucs3701,1
nxpucs3702,0
nxpucs3703,1
nxpucs3704,0
nxpucs3705,1
nxpucs3706,1
nxpucs3707,1
nxpucs3708,0
nxpucs3709,0
nxpucs3710,0
nxpucs3711,0
nxpucs3712,0
nxpucs3713,1
nxpucs3714,1
nxpucs3715,0
nxpucs3716,1
nxpucs3717,0
nxpucs3718,0
nxpucs3719,1
nxpucs3720,1
nxpucs3721,1
nxpucs3722,0
nxpucs3723,0
nxpucs3724,0
nxpucs3725,0
nxpucs3726,1
nxpucs3727,0
nxpucs3728,1
nxpucs3729,1
nxpucs3730,0
nxpucs3731,1
nxpucs3732,1
nxpucs3733,1
nxpucs3734,0
nxpucs3735,1
nxpucs3736,0
nxpucs3737,0
nxpucs3738,0
nxpucs3739,1
nxpucs3740,1
nxpucs3741,0
nxpucs3742,0
nxpucs3743,0
nxpucs3744,1
nxpucs3745,0
nxpucs3746,1
nxpucs3747,1
nxpucs3748,1
nxpucs3749,1
nxpucs3750,0
nxpucs3751,1
nxpucs3752,1
nxpucs3753,0
nxpucs3754,1
nxpucs3755,0
nxpucs3756,1
nxpucs3757,1
nxpucs3758,0
nxpucs3759,0
nxpucs3760,1
nxpucs3761,0
nxpucs3762,1
nxpucs3763,1
nxpucs3764,0
nxpucs3765,0
nxpucs3766,1
nxpucs3767,0
nxpucs3768,0
nxpucs3769,1
nxpucs3770,0
nxpucs3771,0
nxpucs3772,1
nxpucs3773,0
nxpucs3774,0
nxpucs3775,0
nxpucs3776,1
nxpucs3777,1
nxpucs3778,0
nxpucs3779,0
nxpucs3780,0
nxpucs3781,1
nxpucs3782,0
nxpucs3783,1
nxpucs3784,1
nxpucs3785,0
nxpucs3786,0
nxpucs3787,1
nxpucs3788,0
nxpucs3789,1
nxpucs3790,1
nxpucs3791,1
nxpucs3792,0
nxpucs3793,0
nxpucs3794,0
nxpucs3795,1
nxpucs3796,0
nxpucs3797,0
nxpucs3798,1
nxpucs3799,1
nxpucs3800,1
nxpucs3801,0
nxpucs3802,1
nxpucs3803,1
nxpucs3804,1
nxpucs3805,0
nxpucs3806,0
nxpucs3807,1
nxpucs3808,0
nxpucs3809,1
nxpucs3810,0
nxpucs3811,0
nxpucs3812,1
nxpucs3813,1
nxpucs3814,1
nxpucs3815,1
nxpucs3816,0
nxpucs3817,0
nxpucs3818,1
nxpucs3819,0
nxpucs3820,0
nxpucs3821,1
nxpucs3822,0
nxpucs3823,0
nxpucs3824,0
nxpucs3825,0
nxpucs3826,1
nxpucs3827,1
nxpucs3828,0
nxpucs3829,0
nxpucs3830,1
nxpucs3831,1
nxpucs3832,1
nxpucs3833,1
nxpucs3834,1
nxpucs3835,0
nxpucs3836,1
nxpucs3837,0
nxpucs3838,0
nxpucs3839,0
nxpucs3840,1
nxpucs3841,0
nxpucs3842,0
nxpucs3843,0
nxpucs3844,0
nxpucs3845,0
nxpucs3846,1
nxpucs3847,1
nxpucs3848,1
nxpucs3849,1
nxpucs3850,1
nxpucs3851,0
nxpucs3852,0
nxpucs3853,1
nxpucs3854,0
nxpucs3855,0
nxpucs3856,0
nxpucs3857,1
nxpucs3858,1
nxpucs3859,1
nxpucs3860,1
nxpucs3861,1
nxpucs3862,0
nxpucs3863,0
nxpucs3864,0
nxpucs3865,0
nxpucs3866,0
nxpucs3867,0
nxpucs3868,1
nxpucs3869,0
nxpucs3870,1
nxpucs3871,1
nxpucs3872,0
nxpucs3873,0
nxpucs3874,0
nxpucs3875,0
nxpucs3876,0
nxpucs3877,0
nxpucs3878,1
nxpucs3879,1
nxpucs3880,0
nxpucs3881,1
nxpucs3882,0
nxpucs3883,1
nxpucs3884,1
nxpucs3885,1
nxpucs3886,1
nxpucs3887,1
nxpucs3888,1
nxpucs3889,0
nxpucs3890,1
nxpucs3891,1
nxpucs3892,1
nxpucs3893,0
nxpucs3894,0
nxpucs3895,1
nxpucs3896,1
nxpucs3897,1
nxpucs3898,1
nxpucs3899,0
nxpucs3900,1
nxpucs3901,0
nxpucs3902,0
nxpucs3903,1
nxpucs3904,1
nxpucs3905,1
nxpucs3906,1
nxpucs3907,1
nxpucs3908,1
nxpucs3909,0
nxpucs3910,0
nxpucs3911,1
nxpucs3912,0
nxpucs3913,0
nxpucs3914,1
nxpucs3915,0
nxpucs3916,0
nxpucs3917,1
nxpucs3918,1
nxpucs3919,0
nxpucs3920,1
nxpucs3921,1
nxpucs3922,1
nxpucs3923,1
nxpucs3924,0
nxpucs3925,1
nxpucs3926,1
nxpucs3927,0
nxpucs3928,0
nxpucs3929,1
nxpucs3930,0
nxpucs3931,1
nxpucs3932,1
nxpucs3933,1
nxpucs3934,0
nxpucs3935,0
nxpucs3936,1
nxpucs3937,0
nxpucs3938,0
nxpucs3939,1
nxpucs3940,1
nxpucs3941,1
nxpucs3942,0
nxpucs3943,0
nxpucs3944,0
nxpucs3945,0
nxpucs3946,0
nxpucs3947,1
nxpucs3948,1
nxpucs3949,0
nxpucs3950,0
nxpucs3951,0
nxpucs3952,1
nxpucs3953,1
nxpucs3954,1
nxpucs3955,0
nxpucs3956,0
nxpucs3957,0
nxpucs3958,0
nxpucs3959,0
nxpucs3960,0
nxpucs3961,0
nxpucs3962,1
nxpucs3963,1
nxpucs3964,1
nxpucs3965,1
nxpucs3966,1
nxpucs3967,1
nxpucs3968,0
nxpucs3969,1
nxpucs3970,0
nxpucs3971,1
nxpucs3972,1
nxpucs3973,0
nxpucs3974,1
nxpucs3975,0
nxpucs3976,0
nxpucs3977,0
nxpucs3978,1
nxpucs3979,0
nxpucs3980,1
nxpucs3981,1
nxpucs3982,0
nxpucs3983,1
nxpucs3984,1
nxpucs3985,0
nxpucs3986,0
nxpucs3987,0
nxpucs3988,0
nxpucs3989,1
nxpucs3990,0
nxpucs3991,0
nxpucs3992,0
nxpucs3993,1
nxpucs3994,1
nxpucs3995,0
nxpucs3996,1
nxpucs3997,0
nxpucs3998,0
nxpucs3999,1
nxpucs4000,1
nxpucs4001,1
nxpucs4002,1
nxpucs4003,0
nxpucs4004,0
nxpucs4005,0
nxpucs4006,0
nxpucs4007,1
nxpucs4008,1
nxpucs4009,1
nxpucs4010,0
nxpucs4011,0
nxpucs4012,1
nxpucs4013,1
nxpucs4014,0
nxpucs4015,1
nxpucs4016,0
nxpucs4017,0
nxpucs4018,1
nxpucs4019,1
nxpucs4020,0
nxpucs4021,1
nxpucs4022,0
nxpucs4023,0
nxpucs4024,1
nxpucs4025,1
nxpucs4026,0
nxpucs4027,0
nxpucs4028,1
nxpucs4029,0
nxpucs4030,0
nxpucs4031,0
nxpucs4032,0
nxpucs4033,1
nxpucs4034,0
nxpucs4035,1
nxpucs4036,0
nxpucs4037,0
nxpucs4038,1
nxpucs4039,0
nxpucs4040,1
nxpucs4041,0
nxpucs4042,0
nxpucs4043,1
nxpucs4044,1
nxpucs4045,0
nxpucs4046,0
nxpucs4047,1
nxpucs4048,0
nxpucs4049,1
nxpucs4050,1
nxpucs4051,1
nxpucs4052,1
nxpucs4053,1
nxpucs4054,1
nxpucs4055,0
nxpucs4056,0
nxpucs4057,1
nxpucs4058,1
nxpucs4059,0
nxpucs4060,1
nxpucs4061,0
nxpucs4062,1
nxpucs4063,1
nxpucs4064,1
nxpucs4065,1
nxpucs4066,0
nxpucs4067,1
nxpucs4068,0
nxpucs4069,1
nxpucs4070,1
nxpucs4071,1
nxpucs4072,1
nxpucs4073,0
nxpucs4074,1
nxpucs4075,1
nxpucs4076,1
nxpucs4077,0
nxpucs4078,0
nxpucs4079,0
nxpucs4080,0
nxpucs4081,1
nxpucs4082,1
nxpucs4083,1
nxpucs4084,1
nxpucs4085,1
nxpucs4086,1
nxpucs4087,1
nxpucs4088,1
nxpucs4089,0
nxpucs4090,0
nxpucs4091,0
nxpucs4092,0
nxpucs4093,1
nxpucs4094,1
nxpucs4095,1
nxpucs4096,1
nxpucs4097,1
nxpucs4098,0
nxpucs4099,0
nxpucs4100,1
nxpucs4101,0
nxpucs4102,1
nxpucs4103,0
nxpucs4104,1
nxpucs4105,0
nxpucs4106,1
nxpucs4107,0
nxpucs4108,0
nxpucs4109,1
nxpucs4110,0
nxpucs4111,0
nxpucs4112,0
nxpucs4113,1
nxpucs4114,0
nxpucs4115,1
nxpucs4116,0
nxpucs4117,0
nxpucs4118,0
nxpucs4119,1
nxpucs4120,0
nxpucs4121,0
nxpucs4122,0
nxpucs4123,0
nxpucs4124,1
nxpucs4125,1
nxpucs4126,0
nxpucs4127,0
nxpucs4128,1
nxpucs4129,1
nxpucs4130,1
nxpucs4131,0
nxpucs4132,1
nxpucs4133,0
nxpucs4134,1
nxpucs4135,1
nxpucs4136,1
nxpucs4137,1
nxpucs4138,1
nxpucs4139,0
nxpucs4140,0
nxpucs4141,0
nxpucs4142,0
nxpucs4143,0
nxpucs4144,0
nxpucs4145,1
nxpucs4146,0
nxpucs4147,0
nxpucs4148,0
nxpucs4149,1
nxpucs4150,1
nxpucs4151,1
nxpucs4152,1
nxpucs4153,0
nxpucs4154,1
nxpucs4155,1
nxpucs4156,0
nxpucs4157,1
nxpucs4158,0
nxpucs4159,0
nxpucs4160,1
nxpucs4161,0
nxpucs4162,1
nxpucs4163,1
nxpucs4164,0
nxpucs4165,0
nxpucs4166,1
nxpucs4167,1
nxpucs4168,1
nxpucs4169,0
nxpucs4170,1
nxpucs4171,0
nxpucs4172,1
nxpucs4173,1
nxpucs4174,1
nxpucs4175,0
nxpucs4176,1
nxpucs4177,0
nxpucs4178,0
nxpucs4179,0
nxpucs4180,0
nxpucs4181,0
nxpucs4182,0
nxpucs4183,0
nxpucs4184,0
nxpucs4185,0
nxpucs4186,0
nxpucs4187,1
nxpucs4188,1
nxpucs4189,1
nxpucs4190,1
nxpucs4191,1
nxpucs4192,1
nxpucs4193,1
nxpucs4194,1
nxpucs4195,0
nxpucs4196,0
nxpucs4197,0
nxpucs4198,0
nxpucs4199,0
nxpucs4200,0
nxpucs4201,0
nxpucs4202,0
nxpucs4203,1
nxpucs4204,0
nxpucs4205,1
nxpucs4206,0
nxpucs4207,0
nxpucs4208,1
nxpucs4209,1
nxpucs4210,0
nxpucs4211,0
nxpucs4212,0
nxpucs4213,0
nxpucs4214,1
nxpucs4215,0
nxpucs4216,0
nxpucs4217,0
nxpucs4218,0
nxpucs4219,0
nxpucs4220,1
nxpucs4221,1
nxpucs4222,1
nxpucs4223,1
nxpucs4224,1
nxpucs4225,1
nxpucs4226,1
nxpucs4227,0
nxpucs4228,1
nxpucs4229,0
nxpucs4230,1
nxpucs4231,0
nxpucs4232,0
nxpucs4233,1
nxpucs4234,1
nxpucs4235,1
nxpucs4236,1
nxpucs4237,1
nxpucs4238,0
nxpucs4239,1
nxpucs4240,0
nxpucs4241,1
nxpucs4242,0
nxpucs4243,0
nxpucs4244,0
nxpucs4245,1
nxpucs4246,1
nxpucs4247,1
nxpucs4248,1
nxpucs4249,0
nxpucs4250,1
nxpucs4251,0
nxpucs4252,0
nxpucs4253,1
nxpucs4254,1
nxpucs4255,1
nxpucs4256,1
nxpucs4257,1
nxpucs4258,0
nxpucs4259,0
nxpucs4260,0
nxpucs4261,0
nxpucs4262,1
nxpucs4263,0
nxpucs4264,1
nxpucs4265,1
nxpucs4266,0
nxpucs4267,0
nxpucs4268,0
nxpucs4269,0
nxpucs4270,1
nxpucs4271,1
nxpucs4272,0
nxpucs4273,0
nxpucs4274,0
nxpucs4275,1
nxpucs4276,0
nxpucs4277,0
nxpucs4278,1
nxpucs4279,1
nxpucs4280,1
nxpucs4281,1
nxpucs4282,0
nxpucs4283,1
nxpucs4284,0
nxpucs4285,0
nxpucs4286,1
nxpucs4287,0
nxpucs4288,0
nxpucs4289,0
nxpucs4290,0
nxpucs4291,1
nxpucs4292,1
nxpucs4293,0
nxpucs4294,0
nxpucs4295,0
nxpucs4296,1
nxpucs4297,1
nxpucs4298,1
nxpucs4299,0
nxpucs4300,1
nxpucs4301,0
nxpucs4302,0
nxpucs4303,1
nxpucs4304,1
nxpucs4305,1
nxpucs4306,1
nxpucs4307,1
nxpucs4308,0
nxpucs4309,0
nxpucs4310,1
nxpucs4311,0
nxpucs4312,1
nxpucs4313,0
nxpucs4314,1
nxpucs4315,0
nxpucs4316,0
nxpucs4317,0
nxpucs4318,0
nxpucs4319,0
nxpucs4320,0
nxpucs4321,1
nxpucs4322,1
nxpucs4323,1
nxpucs4324,0
nxpucs4325,1
nxpucs4326,1
nxpucs4327,1
nxpucs4328,0
nxpucs4329,1
nxpucs4330,0
nxpucs4331,0
nxpucs4332,0
nxpucs4333,0
nxpucs4334,0
nxpucs4335,0
nxpucs4336,0
nxpucs4337,1
nxpucs4338,0
nxpucs4339,0
nxpucs4340,0
nxpucs4341,1
nxpucs4342,0
nxpucs4343,1
nxpucs4344,0
nxpucs4345,0
nxpucs4346,1
nxpucs4347,0
nxpucs4348,1
nxpucs4349,1
nxpucs4350,0
nxpucs4351,1
nxpucs4352,0
nxpucs4353,0
nxpucs4354,0
nxpucs4355,0
nxpucs4356,0
nxpucs4357,0
nxpucs4358,0
nxpucs4359,0
nxpucs4360,0
nxpucs4361,1
nxpucs4362,1
nxpucs4363,0
nxpucs4364,1
nxpucs4365,1
nxpucs4366,0
nxpucs4367,0
nxpucs4368,1
nxpucs4369,0
nxpucs4370,0
nxpucs4371,0
nxpucs4372,1
nxpucs4373,0
nxpucs4374,0
nxpucs4375,1
nxpucs4376,0
nxpucs4377,1
nxpucs4378,0
nxpucs4379,1
nxpucs4380,0
nxpucs4381,0
nxpucs4382,1
nxpucs4383,0
nxpucs4384,1
nxpucs4385,1
nxpucs4386,0
nxpucs4387,1
nxpucs4388,0
nxpucs4389,1
nxpucs4390,1
nxpucs4391,0
nxpucs4392,0
nxpucs4393,0
nxpucs4394,1
nxpucs4395,1
nxpucs4396,0
nxpucs4397,1
nxpucs4398,0
nxpucs4399,1
nxpucs4400,1
nxpucs4401,0
nxpucs4402,1
nxpucs4403,1
nxpucs4404,1
nxpucs4405,1
nxpucs4406,1
nxpucs4407,1
nxpucs4408,1
nxpucs4409,0
nxpucs4410,0
nxpucs4411,1
nxpucs4412,1
nxpucs4413,0
nxpucs4414,0
nxpucs4415,1
nxpucs4416,0
nxpucs4417,0
nxpucs4418,1
nxpucs4419,1
nxpucs4420,1
nxpucs4421,1
nxpucs4422,1
nxpucs4423,1
nxpucs4424,1
nxpucs4425,0
nxpucs4426,0
nxpucs4427,0
nxpucs4428,0
nxpucs4429,0
nxpucs4430,0
nxpucs4431,0
nxpucs4432,1
nxpucs4433,1
nxpucs4434,1
nxpucs4435,0
nxpucs4436,0
nxpucs4437,1
nxpucs4438,1
nxpucs4439,0
nxpucs4440,0
nxpucs4441,1
nxpucs4442,0
nxpucs4443,0
nxpucs4444,0
nxpucs4445,1
nxpucs4446,1
nxpucs4447,0
nxpucs4448,1
nxpucs4449,1
nxpucs4450,1
nxpucs4451,1
nxpucs4452,0
nxpucs4453,0
nxpucs4454,0
nxpucs4455,0
nxpucs4456,0
nxpucs4457,1
nxpucs4458,1
nxpucs4459,0
nxpucs4460,1
nxpucs4461,0
nxpucs4462,0
nxpucs4463,0
nxpucs4464,0
nxpucs4465,0
nxpucs4466,0
nxpucs4467,1
nxpucs4468,0
nxpucs4469,0
nxpucs4470,0
nxpucs4471,0
nxpucs4472,1
nxpucs4473,0
nxpucs4474,0
nxpucs4475,1
nxpucs4476,0
nxpucs4477,0
nxpucs4478,0
nxpucs4479,1
nxpucs4480,1
nxpucs4481,1
nxpucs4482,1
nxpucs4483,1
nxpucs4484,0
nxpucs4485,1
nxpucs4486,0
nxpucs4487,0
nxpucs4488,0
nxpucs4489,1
nxpucs4490,0
nxpucs4491,0
nxpucs4492,1
nxpucs4493,1
nxpucs4494,1
nxpucs4495,1
nxpucs4496,0
nxpucs4497,1
nxpucs4498,0
nxpucs4499,1
nxpucs4500,1
nxpucs4501,0
nxpucs4502,0
nxpucs4503,0
nxpucs4504,0
nxpucs4505,0
nxpucs4506,0
nxpucs4507,1
nxpucs4508,1
nxpucs4509,0
nxpucs4510,0
nxpucs4511,1
nxpucs4512,0
nxpucs4513,1
nxpucs4514,0
nxpucs4515,0
nxpucs4516,0
nxpucs4517,0
nxpucs4518,1
nxpucs4519,1
nxpucs4520,0
nxpucs4521,1
nxpucs4522,0
nxpucs4523,0
nxpucs4524,1
nxpucs4525,1
nxpucs4526,1
nxpucs4527,1
nxpucs4528,0
nxpucs4529,0
nxpucs4530,0
nxpucs4531,1
nxpucs4532,1
nxpucs4533,0
nxpucs4534,1
nxpucs4535,0
nxpucs4536,1
nxpucs4537,0
nxpucs4538,1
nxpucs4539,0
nxpucs4540,0
nxpucs4541,1
nxpucs4542,0
nxpucs4543,1
nxpucs4544,1
nxpucs4545,0
nxpucs4546,1
nxpucs4547,0
nxpucs4548,1
nxpucs4549,1
nxpucs4550,0
nxpucs4551,1
nxpucs4552,1
nxpucs4553,0
nxpucs4554,1
nxpucs4555,1
nxpucs4556,0
nxpucs4557,0
nxpucs4558,1
nxpucs4559,0
nxpucs4560,0
nxpucs4561,1
nxpucs4562,0
nxpucs4563,1
nxpucs4564,0
nxpucs4565,1
nxpucs4566,1
nxpucs4567,0
nxpucs4568,1
nxpucs4569,1
nxpucs4570,1
nxpucs4571,1
nxpucs4572,0
nxpucs4573,1
nxpucs4574,1
nxpucs4575,0
nxpucs4576,1
nxpucs4577,0
nxpucs4578,1
nxpucs4579,0
nxpucs4580,0
nxpucs4581,1
nxpucs4582,0
nxpucs4583,0
nxpucs4584,0
nxpucs4585,1
nxpucs4586,0
nxpucs4587,0
nxpucs4588,1
nxpucs4589,1
nxpucs4590,1
nxpucs4591,0
nxpucs4592,1
nxpucs4593,0
nxpucs4594,0
nxpucs4595,0
nxpucs4596,0
nxpucs4597,1
nxpucs4598,0
nxpucs4599,0
nxpucs4600,1
nxpucs4601,1
nxpucs4602,1
nxpucs4603,0
nxpucs4604,0
nxpucs4605,0
nxpucs4606,1
nxpucs4607,1
nxpucs4608,0
nxpucs4609,0
nxpucs4610,1
nxpucs4611,0
nxpucs4612,1
nxpucs4613,0
nxpucs4614,1
nxpucs4615,1
nxpucs4616,0
nxpucs4617,0
nxpucs4618,1
nxpucs4619,0
nxpucs4620,0
nxpucs4621,0
nxpucs4622,0
nxpucs4623,0
nxpucs4624,1
nxpucs4625,0
nxpucs4626,1
nxpucs4627,1
nxpucs4628,0
nxpucs4629,0
nxpucs4630,1
nxpucs4631,1
nxpucs4632,0
nxpucs4633,1
nxpucs4634,0
nxpucs4635,0
nxpucs4636,0
nxpucs4637,1
nxpucs4638,1
nxpucs4639,1
nxpucs4640,0
nxpucs4641,1
nxpucs4642,0
nxpucs4643,0
nxpucs4644,1
nxpucs4645,0
nxpucs4646,0
nxpucs4647,0
nxpucs4648,0
nxpucs4649,0
nxpucs4650,1
nxpucs4651,0
nxpucs4652,0
nxpucs4653,0
nxpucs4654,0
nxpucs4655,0
nxpucs4656,1
nxpucs4657,0
nxpucs4658,1
nxpucs4659,0
nxpucs4660,0
nxpucs4661,0
nxpucs4662,0
nxpucs4663,0
nxpucs4664,1
nxpucs4665,0
nxpucs4666,0
nxpucs4667,1
nxpucs4668,1
nxpucs4669,1
nxpucs4670,1
nxpucs4671,1
nxpucs4672,0
nxpucs4673,0
nxpucs4674,0
nxpucs4675,1
nxpucs4676,0
nxpucs4677,1
nxpucs4678,0
nxpucs4679,0
nxpucs4680,1
nxpucs4681,1
nxpucs4682,1
nxpucs4683,0
nxpucs4684,1
nxpucs4685,1
nxpucs4686,1
nxpucs4687,1
nxpucs4688,0
nxpucs4689,1
nxpucs4690,1
nxpucs4691,0
nxpucs4692,0
nxpucs4693,1
nxpucs4694,1
nxpucs4695,0
nxpucs4696,0
nxpucs4697,1
nxpucs4698,0
nxpucs4699,0
nxpucs4700,1
nxpucs4701,0
nxpucs4702,1
nxpucs4703,1
nxpucs4704,1
nxpucs4705,0
nxpucs4706,0
nxpucs4707,1
nxpucs4708,0
nxpucs4709,1
nxpucs4710,0
nxpucs4711,0
nxpucs4712,1
nxpucs4713,0
nxpucs4714,0
nxpucs4715,1
nxpucs4716,1
nxpucs4717,0
nxpucs4718,0
nxpucs4719,0
nxpucs4720,1
nxpucs4721,1
nxpucs4722,1
nxpucs4723,0
nxpucs4724,1
nxpucs4725,1
nxpucs4726,0
nxpucs4727,1
nxpucs4728,1
nxpucs4729,1
nxpucs4730,1
nxpucs4731,0
nxpucs4732,0
nxpucs4733,0
nxpucs4734,0
nxpucs4735,0
nxpucs4736,0
nxpucs4737,0
nxpucs4738,1
nxpucs4739,1
nxpucs4740,0
nxpucs4741,1
nxpucs4742,0
nxpucs4743,0
nxpucs4744,0
nxpucs4745,1
nxpucs4746,0
nxpucs4747,0
nxpucs4748,1
nxpucs4749,1
nxpucs4750,0
nxpucs4751,0
nxpucs4752,1
nxpucs4753,1
nxpucs4754,1
nxpucs4755,1
nxpucs4756,1
nxpucs4757,0
nxpucs4758,1
nxpucs4759,1
nxpucs4760,1
nxpucs4761,1
nxpucs4762,1
nxpucs4763,0
nxpucs4764,0
nxpucs4765,0
nxpucs4766,1
nxpucs4767,0
nxpucs4768,1
nxpucs4769,0
nxpucs4770,1
nxpucs4771,0
nxpucs4772,1
nxpucs4773,1
nxpucs4774,0
nxpucs4775,0
nxpucs4776,1
nxpucs4777,0
nxpucs4778,0
nxpucs4779,0
nxpucs4780,1
nxpucs4781,1
nxpucs4782,1
nxpucs4783,0
nxpucs4784,1
nxpucs4785,0
nxpucs4786,1
nxpucs4787,1
nxpucs4788,1
nxpucs4789,0
nxpucs4790,1
nxpucs4791,0
nxpucs4792,1
nxpucs4793,1
nxpucs4794,1
nxpucs4795,1
nxpucs4796,1
nxpucs4797,0
nxpucs4798,1
nxpucs4799,1
nxpucs4800,0
nxpucs4801,1
nxpucs4802,1
nxpucs4803,0
nxpucs4804,0
nxpucs4805,0
nxpucs4806,0
nxpucs4807,1
nxpucs4808,0
nxpucs4809,0
nxpucs4810,0
nxpucs4811,0
nxpucs4812,1
nxpucs4813,0
nxpucs4814,1
nxpucs4815,0
nxpucs4816,1
nxpucs4817,0
nxpucs4818,0
nxpucs4819,0
nxpucs4820,0
nxpucs4821,0
nxpucs4822,1
nxpucs4823,0
nxpucs4824,0
nxpucs4825,0
nxpucs4826,1
nxpucs4827,0
nxpucs4828,1
nxpucs4829,1
nxpucs4830,1
nxpucs4831,0
nxpucs4832,1
nxpucs4833,0
nxpucs4834,1
nxpucs4835,0
nxpucs4836,1
nxpucs4837,1
nxpucs4838,1
nxpucs4839,1
nxpucs4840,1
nxpucs4841,1
nxpucs4842,0
nxpucs4843,0
nxpucs4844,1
nxpucs4845,1
nxpucs4846,1
nxpucs4847,0
nxpucs4848,0
nxpucs4849,0
nxpucs4850,0
nxpucs4851,1
nxpucs4852,0
nxpucs4853,0
nxpucs4854,0
nxpucs4855,0
nxpucs4856,1
nxpucs4857,1
nxpucs4858,1
nxpucs4859,1
nxpucs4860,1
nxpucs4861,1
nxpucs4862,0
nxpucs4863,1
nxpucs4864,0
nxpucs4865,1
nxpucs4866,1
nxpucs4867,1
nxpucs4868,1
nxpucs4869,1
nxpucs4870,1
nxpucs4871,0
nxpucs4872,1
nxpucs4873,1
nxpucs4874,1
nxpucs4875,0
nxpucs4876,0
nxpucs4877,1
nxpucs4878,1
nxpucs4879,1
nxpucs4880,1
nxpucs4881,1
nxpucs4882,0
nxpucs4883,0
nxpucs4884,0
nxpucs4885,1
nxpucs4886,1
nxpucs4887,1
nxpucs4888,0
nxpucs4889,1
nxpucs4890,1
nxpucs4891,1
nxpucs4892,1
nxpucs4893,0
nxpucs4894,1
nxpucs4895,0
nxpucs4896,1
nxpucs4897,0
nxpucs4898,0
nxpucs4899,1
nxpucs4900,0
nxpucs4901,0
nxpucs4902,1
nxpucs4903,0
nxpucs4904,1
nxpucs4905,1
nxpucs4906,0
nxpucs4907,0
nxpucs4908,1
nxpucs4909,0
nxpucs4910,1
nxpucs4911,0
nxpucs4912,1
nxpucs4913,1
nxpucs4914,0
nxpucs4915,1
nxpucs4916,1
nxpucs4917,0
nxpucs4918,0
nxpucs4919,1
nxpucs4920,0
nxpucs4921,1
nxpucs4922,1
nxpucs4923,0
nxpucs4924,0
nxpucs4925,0
nxpucs4926,0
nxpucs4927,1
nxpucs4928,1
nxpucs4929,0
nxpucs4930,0
nxpucs4931,1
nxpucs4932,1
nxpucs4933,1
nxpucs4934,0
nxpucs4935,1
nxpucs4936,1
nxpucs4937,0
nxpucs4938,0
nxpucs4939,0
nxpucs4940,0
nxpucs4941,0
nxpucs4942,0
nxpucs4943,0
nxpucs4944,0
nxpucs4945,0
nxpucs4946,1
nxpucs4947,0
nxpucs4948,0
nxpucs4949,1
nxpucs4950,0
nxpucs4951,0
nxpucs4952,0
nxpucs4953,0
nxpucs4954,0
nxpucs4955,1
nxpucs4956,0
nxpucs4957,1
nxpucs4958,1
nxpucs4959,0
nxpucs4960,0
nxpucs4961,0
nxpucs4962,1
nxpucs4963,0
nxpucs4964,1
nxpucs4965,0
nxpucs4966,1
nxpucs4967,0
nxpucs4968,0
nxpucs4969,1
nxpucs4970,1
nxpucs4971,1
nxpucs4972,1
nxpucs4973,0
nxpucs4974,0
nxpucs4975,1
nxpucs4976,1
nxpucs4977,1
nxpucs4978,1
nxpucs4979,0
nxpucs4980,1
nxpucs4981,1
nxpucs4982,0
nxpucs4983,0
nxpucs4984,0
nxpucs4985,0
nxpucs4986,0
nxpucs4987,0
nxpucs4988,1
nxpucs4989,1
nxpucs4990,1
nxpucs4991,1
nxpucs4992,1
nxpucs4993,0
nxpucs4994,1
nxpucs4995,0
nxpucs4996,0
nxpucs4997,1
nxpucs4998,1
nxpucs4999,0
nxpucs5000,0
nxpucs5001,1
nxpucs5002,1
nxpucs5003,1
nxpucs5004,0
nxpucs5005,0
nxpucs5006,0
nxpucs5007,1
nxpucs5008,0
nxpucs5009,0
nxpucs5010,1
nxpucs5011,0
nxpucs5012,0
nxpucs5013,1
nxpucs5014,1
nxpucs5015,0
nxpucs5016,0
nxpucs5017,0
nxpucs5018,0
nxpucs5019,1
nxpucs5020,1
nxpucs5021,1
nxpucs5022,0
nxpucs5023,1
nxpucs5024,1
nxpucs5025,1
nxpucs5026,0
nxpucs5027,0
nxpucs5028,0
nxpucs5029,0
nxpucs5030,1
nxpucs5031,0
nxpucs5032,1
nxpucs5033,0
nxpucs5034,1
nxpucs5035,0
nxpucs5036,1
nxpucs5037,1
nxpucs5038,0
nxpucs5039,0
nxpucs5040,1
nxpucs5041,1
nxpucs5042,1
nxpucs5043,0
nxpucs5044,1
nxpucs5045,0
nxpucs5046,0
nxpucs5047,1
nxpucs5048,0
nxpucs5049,1
nxpucs5050,0
nxpucs5051,0
nxpucs5052,1
nxpucs5053,1
nxpucs5054,1
nxpucs5055,0
nxpucs5056,0
nxpucs5057,0
nxpucs5058,1
nxpucs5059,0
nxpucs5060,1
nxpucs5061,1
nxpucs5062,1
nxpucs5063,1
nxpucs5064,0
nxpucs5065,0
nxpucs5066,1
nxpucs5067,0
nxpucs5068,0
nxpucs5069,1
nxpucs5070,0
nxpucs5071,0
nxpucs5072,1
nxpucs5073,1
nxpucs5074,0
nxpucs5075,0
nxpucs5076,1
nxpucs5077,0
nxpucs5078,1
nxpucs5079,0
nxpucs5080,1
nxpucs5081,1
nxpucs5082,1
nxpucs5083,0
nxpucs5084,0
nxpucs5085,1
nxpucs5086,0
nxpucs5087,1
nxpucs5088,0
nxpucs5089,1
nxpucs5090,1
nxpucs5091,0
nxpucs5092,0
nxpucs5093,0
nxpucs5094,1
nxpucs5095,0
nxpucs5096,0
nxpucs5097,0
nxpucs5098,1
nxpucs5099,1
nxpucs5100,0
nxpucs5101,0
nxpucs5102,1
nxpucs5103,0
nxpucs5104,0
nxpucs5105,1
nxpucs5106,0
nxpucs5107,0
nxpucs5108,0
nxpucs5109,1
nxpucs5110,0
nxpucs5111,0
nxpucs5112,0
nxpucs5113,1
nxpucs5114,1
nxpucs5115,1
nxpucs5116,0
nxpucs5117,1
nxpucs5118,0
nxpucs5119,0
nxpucs5120,0
nxpucs5121,0
nxpucs5122,0
nxpucs5123,1
nxpucs5124,0
nxpucs5125,1
nxpucs5126,1
nxpucs5127,0
nxpucs5128,0
nxpucs5129,1
nxpucs5130,1
nxpucs5131,1
nxpucs5132,1
nxpucs5133,1
nxpucs5134,1
nxpucs5135,1
nxpucs5136,1
nxpucs5137,0
nxpucs5138,0
nxpucs5139,0
nxpucs5140,1
nxpucs5141,1
nxpucs5142,1
nxpucs5143,1
nxpucs5144,1
nxpucs5145,1
nxpucs5146,0
nxpucs5147,1
nxpucs5148,0
nxpucs5149,0
nxpucs5150,0
nxpucs5151,1
nxpucs5152,1
nxpucs5153,0
nxpucs5154,1
nxpucs5155,1
nxpucs5156,1
nxpucs5157,0
nxpucs5158,0
nxpucs5159,0
nxpucs5160,0
nxpucs5161,0
nxpucs5162,1
nxpucs5163,1
nxpucs5164,0
nxpucs5165,0
nxpucs5166,1
nxpucs5167,0
nxpucs5168,1
nxpucs5169,0
nxpucs5170,1
nxpucs5171,0
nxpucs5172,1
nxpucs5173,1
nxpucs5174,0
nxpucs5175,0
nxpucs5176,0
nxpucs5177,1
nxpucs5178,0
nxpucs5179,0
nxpucs5180,0
nxpucs5181,0
nxpucs5182,0
nxpucs5183,0
nxpucs5184,0
nxpucs5185,1
nxpucs5186,1
nxpucs5187,1
nxpucs5188,0
nxpucs5189,0
nxpucs5190,0
nxpucs5191,0
nxpucs5192,0
nxpucs5193,1
nxpucs5194,0
nxpucs5195,1
nxpucs5196,1
nxpucs5197,1
nxpucs5198,0
nxpucs5199,0
nxpucs5200,1
nxpucs5201,0
nxpucs5202,1
nxpucs5203,0
nxpucs5204,0
nxpucs5205,0
nxpucs5206,0
nxpucs5207,0
nxpucs5208,0
nxpucs5209,0
nxpucs5210,1
nxpucs5211,0
nxpucs5212,0
nxpucs5213,0
nxpucs5214,0
nxpucs5215,1
nxpucs5216,0
nxpucs5217,1
nxpucs5218,1
nxpucs5219,1
nxpucs5220,0
nxpucs5221,1
nxpucs5222,0
nxpucs5223,1
nxpucs5224,0
nxpucs5225,0
nxpucs5226,1
nxpucs5227,0
nxpucs5228,1
nxpucs5229,1
nxpucs5230,1
nxpucs5231,0
nxpucs5232,1
nxpucs5233,0
nxpucs5234,0
nxpucs5235,1
nxpucs5236,1
nxpucs5237,0
nxpucs5238,1
nxpucs5239,1
nxpucs5240,1
nxpucs5241,1
nxpucs5242,0
nxpucs5243,1
nxpucs5244,1
nxpucs5245,0
nxpucs5246,0
nxpucs5247,1
nxpucs5248,0
nxpucs5249,0
nxpucs5250,1
nxpucs5251,0
nxpucs5252,0
nxpucs5253,1
nxpucs5254,1
nxpucs5255,0
nxpucs5256,0
nxpucs5257,0
nxpucs5258,0
nxpucs5259,1
nxpucs5260,1
nxpucs5261,1
nxpucs5262,1
nxpucs5263,1
nxpucs5264,0
nxpucs5265,1
nxpucs5266,1
nxpucs5267,0
nxpucs5268,0
nxpucs5269,1
nxpucs5270,1
nxpucs5271,1
nxpucs5272,1
nxpucs5273,0
nxpucs5274,0
nxpucs5275,1
nxpucs5276,0
nxpucs5277,1
nxpucs5278,1
nxpucs5279,0
nxpucs5280,0
nxpucs5281,1
nxpucs5282,1
nxpucs5283,1
nxpucs5284,0
nxpucs5285,1
nxpucs5286,1
nxpucs5287,0
nxpucs5288,1
nxpucs5289,0
nxpucs5290,1
nxpucs5291,0
nxpucs5292,0
nxpucs5293,1
nxpucs5294,1
nxpucs5295,0
nxpucs5296,1
nxpucs5297,0
nxpucs5298,0
nxpucs5299,1
nxpucs5300,1
nxpucs5301,1
nxpucs5302,0
nxpucs5303,0
nxpucs5304,0
nxpucs5305,0
nxpucs5306,0
nxpucs5307,1
nxpucs5308,1
nxpucs5309,0
nxpucs5310,1
nxpucs5311,0
nxpucs5312,1
nxpucs5313,0
nxpucs5314,1
nxpucs5315,1
nxpucs5316,1
nxpucs5317,0
nxpucs5318,0
nxpucs5319,1
nxpucs5320,1
nxpucs5321,0
nxpucs5322,1
nxpucs5323,0
nxpucs5324,1
nxpucs5325,0
nxpucs5326,1
nxpucs5327,1
nxpucs5328,0
nxpucs5329,1
nxpucs5330,0
nxpucs5331,0
nxpucs5332,0
nxpucs5333,1
nxpucs5334,0
nxpucs5335,0
nxpucs5336,1
nxpucs5337,0
nxpucs5338,0
nxpucs5339,0
nxpucs5340,0
nxpucs5341,1
nxpucs5342,0
nxpucs5343,0
nxpucs5344,1
nxpucs5345,1
nxpucs5346,0
nxpucs5347,1
nxpucs5348,0
nxpucs5349,0
nxpucs5350,0
nxpucs5351,0
nxpucs5352,1
nxpucs5353,0
nxpucs5354,0
nxpucs5355,0
nxpucs5356,0
nxpucs5357,0
nxpucs5358,1
nxpucs5359,0
nxpucs5360,1
nxpucs5361,0
nxpucs5362,0
nxpucs5363,1
nxpucs5364,1
nxpucs5365,1
nxpucs5366,0
nxpucs5367,0
nxpucs5368,0
nxpucs5369,1
nxpucs5370,1
nxpucs5371,1
nxpucs5372,0
nxpucs5373,1
nxpucs5374,0
nxpucs5375,1
nxpucs5376,1
nxpucs5377,1
nxpucs5378,0
nxpucs5379,0
nxpucs5380,1
nxpucs5381,0
nxpucs5382,0
nxpucs5383,0
nxpucs5384,0
nxpucs5385,1
nxpucs5386,0
nxpucs5387,0
nxpucs5388,0
nxpucs5389,0
nxpucs5390,0
nxpucs5391,0
nxpucs5392,1
nxpucs5393,1
nxpucs5394,0
nxpucs5395,1
nxpucs5396,0
nxpucs5397,0
nxpucs5398,1
nxpucs5399,0
nxpucs5400,0
nxpucs5401,1
nxpucs5402,1
nxpucs5403,1
nxpucs5404,1
nxpucs5405,1
nxpucs5406,1
nxpucs5407,1
nxpucs5408,1
nxpucs5409,1
nxpucs5410,0
nxpucs5411,0
nxpucs5412,1
nxpucs5413,0
nxpucs5414,0
nxpucs5415,0
nxpucs5416,0
nxpucs5417,0
nxpucs5418,0
nxpucs5419,0
nxpucs5420,1
nxpucs5421,1
nxpucs5422,0
nxpucs5423,0
nxpucs5424,1
nxpucs5425,1
nxpucs5426,1
nxpucs5427,0
nxpucs5428,0
nxpucs5429,1
nxpucs5430,1
nxpucs5431,1
nxpucs5432,0
nxpucs5433,0
nxpucs5434,1
nxpucs5435,1
nxpucs5436,0
nxpucs5437,1
nxpucs5438,0
nxpucs5439,1
nxpucs5440,0
nxpucs5441,0
nxpucs5442,0
nxpucs5443,0
nxpucs5444,1
nxpucs5445,1
nxpucs5446,0
nxpucs5447,1
nxpucs5448,0
nxpucs5449,0
nxpucs5450,0
nxpucs5451,1
nxpucs5452,1
nxpucs5453,0
nxpucs5454,1
nxpucs5455,1
nxpucs5456,1
nxpucs5457,0
nxpucs5458,1
nxpucs5459,1
nxpucs5460,1
nxpucs5461,1
nxpucs5462,0
nxpucs5463,1
nxpucs5464,0
nxpucs5465,1
nxpucs5466,1
nxpucs5467,1
nxpucs5468,0
nxpucs5469,0
nxpucs5470,1
nxpucs5471,1
nxpucs5472,0
nxpucs5473,1
nxpucs5474,0
nxpucs5475,0
nxpucs5476,1
nxpucs5477,1
nxpucs5478,0
nxpucs5479,0
nxpucs5480,0
nxpucs5481,0
nxpucs5482,0
nxpucs5483,0
nxpucs5484,0
nxpucs5485,1
nxpucs5486,0
nxpucs5487,0
nxpucs5488,0
nxpucs5489,1
nxpucs5490,0
nxpucs5491,0
nxpucs5492,0
nxpucs5493,0
nxpucs5494,1
nxpucs5495,0
nxpucs5496,0
nxpucs5497,0
nxpucs5498,0
nxpucs5499,0
nxpucs5500,1
nxpucs5501,0
nxpucs5502,1
nxpucs5503,0
nxpucs5504,1
nxpucs5505,1
nxpucs5506,0
nxpucs5507,0
nxpucs5508,0
nxpucs5509,0
nxpucs5510,1
nxpucs5511,1
nxpucs5512,1
nxpucs5513,0
nxpucs5514,0
nxpucs5515,1
nxpucs5516,1
nxpucs5517,1
nxpucs5518,1
nxpucs5519,0
nxpucs5520,1
nxpucs5521,0
nxpucs5522,1
nxpucs5523,1
nxpucs5524,1
nxpucs5525,0
nxpucs5526,1
nxpucs5527,0
nxpucs5528,1
nxpucs5529,1
nxpucs5530,0
nxpucs5531,0
nxpucs5532,1
nxpucs5533,0
nxpucs5534,0
nxpucs5535,0
nxpucs5536,0
nxpucs5537,0
nxpucs5538,0
nxpucs5539,0
nxpucs5540,1
nxpucs5541,1
nxpucs5542,1
nxpucs5543,1
nxpucs5544,0
nxpucs5545,1
nxpucs5546,0
nxpucs5547,0
nxpucs5548,1
nxpucs5549,0
nxpucs5550,1
nxpucs5551,1
nxpucs5552,0
nxpucs5553,0
nxpucs5554,0
nxpucs5555,1
nxpucs5556,1
nxpucs5557,1
nxpucs5558,0
nxpucs5559,1
nxpucs5560,1
nxpucs5561,0
nxpucs5562,0
nxpucs5563,0
nxpucs5564,0
nxpucs5565,0
nxpucs5566,1
nxpucs5567,1
nxpucs5568,0
nxpucs5569,0
nxpucs5570,1
nxpucs5571,1
nxpucs5572,1
nxpucs5573,1
nxpucs5574,0
nxpucs5575,0
nxpucs5576,1
nxpucs5577,0
nxpucs5578,0
nxpucs5579,0
nxpucs5580,0
nxpucs5581,0
nxpucs5582,1
nxpucs5583,0
nxpucs5584,0
nxpucs5585,0
nxpucs5586,1
nxpucs5587,0
nxpucs5588,0
nxpucs5589,1
nxpucs5590,0
nxpucs5591,0
nxpucs5592,1
nxpucs5593,0
nxpucs5594,1
nxpucs5595,0
nxpucs5596,0
nxpucs5597,1
nxpucs5598,1
nxpucs5599,0
nxpucs5600,1
nxpucs5601,1
nxpucs5602,0
nxpucs5603,0
nxpucs5604,1
nxpucs5605,1
nxpucs5606,0
nxpucs5607,0
nxpucs5608,0
nxpucs5609,0
nxpucs5610,0
nxpucs5611,1
nxpucs5612,1
nxpucs5613,0
nxpucs5614,0
nxpucs5615,0
nxpucs5616,0
nxpucs5617,1
nxpucs5618,0
nxpucs5619,1
nxpucs5620,1
nxpucs5621,0
nxpucs5622,0
nxpucs5623,1
nxpucs5624,1
nxpucs5625,0
nxpucs5626,0
nxpucs5627,1
nxpucs5628,1
nxpucs5629,1
nxpucs5630,0
nxpucs5631,1
nxpucs5632,1
nxpucs5633,1
nxpucs5634,0
nxpucs5635,1
nxpucs5636,1
nxpucs5637,1
nxpucs5638,0
nxpucs5639,1
nxpucs5640,1
nxpucs5641,0
nxpucs5642,1
nxpucs5643,1
nxpucs5644,0
nxpucs5645,1
nxpucs5646,0
nxpucs5647,1
nxpucs5648,0
nxpucs5649,1
nxpucs5650,0
nxpucs5651,1
nxpucs5652,1
nxpucs5653,0
nxpucs5654,1
nxpucs5655,0
nxpucs5656,1
nxpucs5657,0
nxpucs5658,0
nxpucs5659,0
nxpucs5660,0
nxpucs5661,0
nxpucs5662,0
nxpucs5663,1
nxpucs5664,0
nxpucs5665,1
nxpucs5666,0
nxpucs5667,1
nxpucs5668,0
nxpucs5669,0
nxpucs5670,0
nxpucs5671,0
nxpucs5672,0
nxpucs5673,0
nxpucs5674,1
nxpucs5675,0
nxpucs5676,0
nxpucs5677,1
nxpucs5678,1
nxpucs5679,1
nxpucs5680,1
nxpucs5681,1
nxpucs5682,1
nxpucs5683,1
nxpucs5684,0
nxpucs5685,0
nxpucs5686,1
nxpucs5687,1
nxpucs5688,1
nxpucs5689,1
nxpucs5690,1
nxpucs5691,1
nxpucs5692,1
nxpucs5693,0
nxpucs5694,1
nxpucs5695,0
nxpucs5696,1
nxpucs5697,1
nxpucs5698,1
nxpucs5699,0
nxpucs5700,1
nxpucs5701,1
nxpucs5702,1
nxpucs5703,1
nxpucs5704,1
nxpucs5705,1
nxpucs5706,0
nxpucs5707,1
nxpucs5708,0
nxpucs5709,1
nxpucs5710,0
nxpucs5711,1
nxpucs5712,1
nxpucs5713,0
nxpucs5714,0
nxpucs5715,0
nxpucs5716,1
nxpucs5717,0
nxpucs5718,0
nxpucs5719,1
nxpucs5720,0
nxpucs5721,0
nxpucs5722,0
nxpucs5723,1
nxpucs5724,0
nxpucs5725,0
nxpucs5726,1
nxpucs5727,0
nxpucs5728,0
nxpucs5729,1
nxpucs5730,0
nxpucs5731,1
nxpucs5732,1
nxpucs5733,1
nxpucs5734,1
nxpucs5735,1
nxpucs5736,0
nxpucs5737,0
nxpucs5738,0
nxpucs5739,0
nxpucs5740,1
nxpucs5741,0
nxpucs5742,0
nxpucs5743,1
nxpucs5744,0
nxpucs5745,1
nxpucs5746,1
nxpucs5747,1
nxpucs5748,1
nxpucs5749,1
nxpucs5750,1
nxpucs5751,0
nxpucs5752,1
nxpucs5753,1
nxpucs5754,1
nxpucs5755,0
nxpucs5756,1
nxpucs5757,1
nxpucs5758,0
nxpucs5759,1
nxpucs5760,1
nxpucs5761,0
nxpucs5762,1
nxpucs5763,0
nxpucs5764,0
nxpucs5765,0
nxpucs5766,0
nxpucs5767,0
nxpucs5768,0
nxpucs5769,1
nxpucs5770,0
nxpucs5771,0
nxpucs5772,1
nxpucs5773,0
nxpucs5774,0
nxpucs5775,0
nxpucs5776,1
nxpucs5777,0
nxpucs5778,0
nxpucs5779,0
nxpucs5780,0
nxpucs5781,1
nxpucs5782,1
nxpucs5783,1
nxpucs5784,0
nxpucs5785,1
nxpucs5786,0
nxpucs5787,1
nxpucs5788,0
nxpucs5789,1
nxpucs5790,1
nxpucs5791,0
nxpucs5792,1
nxpucs5793,0
nxpucs5794,1
nxpucs5795,1
nxpucs5796,0
nxpucs5797,0
nxpucs5798,1
nxpucs5799,1
nxpucs5800,1
nxpucs5801,1
nxpucs5802,1
nxpucs5803,0
nxpucs5804,0
nxpucs5805,1
nxpucs5806,0
nxpucs5807,0
nxpucs5808,1
nxpucs5809,1
nxpucs5810,0
nxpucs5811,1
nxpucs5812,0
nxpucs5813,1
nxpucs5814,1
nxpucs5815,1
nxpucs5816,1
nxpucs5817,0
nxpucs5818,1
nxpucs5819,1
nxpucs5820,0
nxpucs5821,1
nxpucs5822,0
nxpucs5823,1
nxpucs5824,0
nxpucs5825,0
nxpucs5826,0
nxpucs5827,0
nxpucs5828,0
nxpucs5829,1
nxpucs5830,1
nxpucs5831,1
nxpucs5832,1
nxpucs5833,1
nxpucs5834,1
nxpucs5835,0
nxpucs5836,1
nxpucs5837,0
nxpucs5838,0
nxpucs5839,0
nxpucs5840,1
nxpucs5841,1
nxpucs5842,0
nxpucs5843,0
nxpucs5844,1
nxpucs5845,1
nxpucs5846,1
nxpucs5847,1
nxpucs5848,0
nxpucs5849,0
nxpucs5850,0
nxpucs5851,1
nxpucs5852,0
nxpucs5853,0
nxpucs5854,0
nxpucs5855,1
nxpucs5856,1
nxpucs5857,0
nxpucs5858,1
nxpucs5859,0
nxpucs5860,0
nxpucs5861,0
nxpucs5862,0
nxpucs5863,0
nxpucs5864,1
nxpucs5865,1
nxpucs5866,0
nxpucs5867,0
nxpucs5868,0
nxpucs5869,0
nxpucs5870,1
nxpucs5871,1
nxpucs5872,1
nxpucs5873,0
nxpucs5874,0
nxpucs5875,0
nxpucs5876,0
nxpucs5877,0
nxpucs5878,0
nxpucs5879,1
nxpucs5880,0
nxpucs5881,1
nxpucs5882,0
nxpucs5883,0
nxpucs5884,0
nxpucs5885,0
nxpucs5886,0
nxpucs5887,1
nxpucs5888,1
nxpucs5889,0
nxpucs5890,0
nxpucs5891,1
nxpucs5892,1
nxpucs5893,0
nxpucs5894,0
nxpucs5895,0
nxpucs5896,1
nxpucs5897,0
nxpucs5898,1
nxpucs5899,0
nxpucs5900,1
nxpucs5901,0
nxpucs5902,0
nxpucs5903,0
nxpucs5904,1
nxpucs5905,0
nxpucs5906,1
nxpucs5907,1
nxpucs5908,1
nxpucs5909,1
nxpucs5910,0
nxpucs5911,0
nxpucs5912,0
nxpucs5913,1
nxpucs5914,1
nxpucs5915,0
nxpucs5916,1
nxpucs5917,0
nxpucs5918,0
nxpucs5919,1
nxpucs5920,0
nxpucs5921,0
nxpucs5922,0
nxpucs5923,1
nxpucs5924,0
nxpucs5925,1
nxpucs5926,1
nxpucs5927,1
nxpucs5928,0
nxpucs5929,0
nxpucs5930,1
nxpucs5931,1
nxpucs5932,1
nxpucs5933,0
nxpucs5934,0
nxpucs5935,0
nxpucs5936,1
nxpucs5937,1
nxpucs5938,0
nxpucs5939,1
nxpucs5940,1
nxpucs5941,1
nxpucs5942,1
nxpucs5943,1
nxpucs5944,1
nxpucs5945,1
nxpucs5946,1
nxpucs5947,0
nxpucs5948,0
nxpucs5949,1
nxpucs5950,0
nxpucs5951,0
nxpucs5952,0
nxpucs5953,1
nxpucs5954,0
nxpucs5955,1
nxpucs5956,0
nxpucs5957,0
nxpucs5958,1
nxpucs5959,1
nxpucs5960,0
nxpucs5961,0
nxpucs5962,0
nxpucs5963,0
nxpucs5964,0
nxpucs5965,1
nxpucs5966,1
nxpucs5967,1
nxpucs5968,1
nxpucs5969,0
nxpucs5970,0
nxpucs5971,1
nxpucs5972,0
nxpucs5973,1
nxpucs5974,1
nxpucs5975,0
nxpucs5976,1
nxpucs5977,0
nxpucs5978,1
nxpucs5979,0
nxpucs5980,0
nxpucs5981,0
nxpucs5982,1
nxpucs5983,0
nxpucs5984,1
nxpucs5985,1
nxpucs5986,1
nxpucs5987,0
nxpucs5988,1
nxpucs5989,0
nxpucs5990,0
nxpucs5991,1
nxpucs5992,0
nxpucs5993,1
nxpucs5994,0
nxpucs5995,0
nxpucs5996,0
nxpucs5997,0
nxpucs5998,1
nxpucs5999,0